Machine Name,Street Location,Area,City,Pin Code
HDFC ATM Adyar,20 Gandhi Nagar 1st Main Road,Adyar,Chennai,600020
SBI ATM Anna Nagar,Y-206 5th Avenue,Anna Nagar,Chennai,600040
ICICI ATM T Nagar,15 Venkatnarayana Road,T. Nagar,Chennai,600017
AXIS ATM Mylapore,88 Kutchery Road,Mylapore,Chennai,600004
PNB ATM Nungambakkam,40 College Road,Nungambakkam,Chennai,600006
HDFC ATM Velachery,100 Feet Bypass Road,Velachery,Chennai,600042
Canara ATM Sholinganallur,245 Rajiv Gandhi Salai OMR,Sholinganallur,Chennai,600119
SBI ATM Thoraipakkam,89 Rajiv Gandhi Salai OMR,Thoraipakkam,Chennai,600097
ICICI ATM Perungudi,144 Industrial Estate,Perungudi,Chennai,600096
Indian Bank ATM Tambaram,45 GST Road,Tambaram,Chennai,600045
HDFC ATM Royapettah,12 Lloyds Road,Royapettah,Chennai,600014
SBI ATM Alwarpet,85 TTK Road,Alwarpet,Chennai,600018
AXIS ATM Kodambakkam,30 Arcade Road,Kodambakkam,Chennai,600024
ICICI ATM Vadapalani,20 Arcot Road,Vadapalani,Chennai,600026
PNB ATM Kilpauk,15 Ormes Road,Kilpauk,Chennai,600010
HDFC ATM Egmore,18 Gandhi Irwin Road,Egmore,Chennai,600008
SBI ATM Guindy,C-12 Guindy Industrial Estate,Guindy,Chennai,600032
AXIS ATM Porur,44 Mount Poonamallee Road,Porur,Chennai,600116
Canara ATM Madipakkam,10 Velachery Main Road,Madipakkam,Chennai,600091
ICICI ATM Chromepet,55 GST Road,Chromepet,Chennai,600044
