Branch Name,Full Address,Postcode
HDFC Bank Velachery,12 100 Feet Bypass Road Velachery Chennai,600042
HDFC Bank Sholinganallur,245 Rajiv Gandhi Salai OMR Sholinganallur Chennai,600119
HDFC Bank Thoraipakkam,89 OMR Thoraipakkam Chennai,600097
HDFC Bank Perungudi,144 Industrial Estate Perungudi Chennai,600096
HDFC Bank Tambaram,45 GST Road Tambaram Chennai,600045
HDFC Bank Royapettah,12 Lloyds Road Royapettah Chennai,600014
HDFC Bank Alwarpet,85 TTK Road Alwarpet Chennai,600018
HDFC Bank Kodambakkam,30 Arcade Road Kodambakkam Chennai,600024
HDFC Bank Vadapalani,20 Arcot Road Vadapalani Chennai,600026
HDFC Bank Kilpauk,15 Ormes Road Kilpauk Chennai,600010
HDFC Bank Egmore,18 Gandhi Irwin Road Egmore Chennai,600008
HDFC Bank Guindy,C-12 Guindy Industrial Estate Guindy Chennai,600032
HDFC Bank Porur,44 Mount Poonamallee Road Porur Chennai,600116
HDFC Bank Madipakkam,10 Velachery Main Road Madipakkam Chennai,600091
HDFC Bank Chromepet,55 GST Road Chromepet Chennai,600044
HDFC Bank Adyar,20 Gandhi Nagar 1st Main Road Adyar Chennai,600020
HDFC Bank Anna Nagar,Y-206 5th Avenue Anna Nagar Chennai,600040
HDFC Bank T Nagar,15 Venkatnarayana Road T Nagar Chennai,600017
HDFC Bank Mylapore,88 Kutchery Road Mylapore Chennai,600004
HDFC Bank Nungambakkam,40 College Road Nungambakkam Chennai,600006
