Outlet Name,Address line 1,Area Name,District
More Supermarket Royapettah,12 Lloyd Road,Royapettah,Chennai
Reliance Smart Alwarpet,85 TTK Road,Alwarpet,Chennai
Nilgiris Kodambakkam,30 Arcade Road,Kodambakkam,Chennai
Spencer Daily Vadapalani,20 Arcot Road,Vadapalani,Chennai
Nilgiris Kilpauk,15 Ormes Road,Kilpauk,Chennai
Spencer Daily Egmore,18 Gandhi Irwin Road,Egmore,Chennai
More Supermarket Guindy,C-12 Guindy Industrial Estate,Guindy,Chennai
Reliance Smart Porur,44 Mount Poonamallee Road,Porur,Chennai
Nilgiris Madipakkam,10 Velachery Main Road,Madipakkam,Chennai
Spencer Daily Chromepet,55 GST Road,Chromepet,Chennai
More Supermarket Adyar,20 Gandhi Nagar 1st Main Road,Adyar,Chennai
Reliance Smart Anna Nagar,Y-206 5th Avenue,Anna Nagar,Chennai
Nilgiris T Nagar,15 Venkatnarayana Road,T. Nagar,Chennai
Spencer Daily Mylapore,88 Kutchery Road,Mylapore,Chennai
More Supermarket Nungambakkam,40 College Road,Nungambakkam,Chennai
Reliance Smart Velachery,12 100 Feet Bypass Road,Velachery,Chennai
Nilgiris Sholinganallur,245 Rajiv Gandhi Salai OMR,Sholinganallur,Chennai
Spencer Daily Thoraipakkam,89 OMR,Thoraipakkam,Chennai
More Supermarket Perungudi,144 Industrial Estate,Perungudi,Chennai
Reliance Smart Tambaram,45 GST Road,Tambaram,Chennai
